name,hidden_dim,hidden_layers,lr,beta,epochs,mse,mae,final_loss
baseline,32,2,0.001,1.0,500,4.293363607787872,1.483273121748927,23.260616302490234
larger_hidden_dim,64,2,0.001,1.0,500,5.59782162539861,1.7665109554208245,22.842247009277344
lower_lr,32,2,0.0005,1.0,500,194.80811082392628,11.576523156227415,267.1947937011719
higher_pde_weight,32,2,0.001,10.0,500,188.7003442727762,12.318871578843112,734.056884765625
